question_id,v2_verdict,independent_verdict,agreement,source,article,answer_correct,citation_complete,clear,unique,type_ok,difficulty_ok,issues,confidence
ley-19-2013-43,VALID,VALID,yes,https://www.boe.es/buscar/act.php?id=BOE-A-2013-12887#a4,4,True,True,True,True,True,True,,alta
ley-33-2003-37,VALID,VALID,yes,https://www.boe.es/buscar/act.php?id=BOE-A-2003-20254#a13,13 (apdo. 2),True,True,True,True,True,True,,alta
ley-38-2003-57,VALID,VALID,yes,https://www.boe.es/buscar/act.php?id=BOE-A-2003-20977#a53,53 (apdo. b)),True,True,True,True,True,True,,alta
ley-9-2017-92,VALID,VALID,yes,https://www.boe.es/buscar/act.php?id=BOE-A-2017-12902#a30,30 (apdo. 4),True,True,True,True,True,True,,alta
lo-3-2018-61,VALID,VALID,yes,https://www.boe.es/buscar/act.php?id=BOE-A-2018-16673#a24,24,True,True,True,True,True,True,,alta
rdl-8-2015-56,VALID,VALID,yes,https://www.boe.es/buscar/act.php?id=BOE-A-2015-11724#a17,17 (apdo. 2),True,True,True,True,True,True,,alta
lo-4-2015-55,VALID,VALID,yes,https://www.boe.es/buscar/act.php?id=BOE-A-2015-3442#a26,26,True,True,True,True,True,True,,alta
ley-42-2007-27,VALID,VALID,yes,https://www.boe.es/buscar/act.php?id=BOE-A-2007-21490#a2,2 (apdo. f)),True,True,True,True,True,True,,alta
lef-1954-47,VALID,VALID,yes,https://www.boe.es/buscar/act.php?id=BOE-A-1954-15431#atreintaytres,33 (apdo. 1),True,True,True,True,True,True,,alta
lo-4-2000-82,VALID,VALID,yes,https://www.boe.es/buscar/act.php?id=BOE-A-2000-544#a10,10 (apdo. 2),True,True,True,True,True,True,,alta
lef-1954-36,VALID,REVIEW_REQUIRED,no,https://www.boe.es/buscar/act.php?id=BOE-A-1954-15431#aoctavo,8,True,False,True,True,True,True,CITA_INCOMPLETA,alta
lef-1954-41,VALID,VALID,yes,https://www.boe.es/buscar/act.php?id=BOE-A-1954-15431#adiecinueve,19 (apdo. 1),True,True,True,True,True,True,,alta
codigo-penal-674,VALID,VALID,yes,https://www.boe.es/buscar/act.php?id=BOE-A-1995-25444#a331,331,True,True,True,True,True,True,,alta
lef-1954-32,VALID,VALID,yes,https://www.boe.es/buscar/act.php?id=BOE-A-1954-15431#acuarto,4 (apdo. 1),True,True,True,True,True,True,,alta
codigo-penal-650,VALID,VALID,yes,https://www.boe.es/buscar/act.php?id=BOE-A-1995-25444#a327,327 (apdo. c)),True,True,True,True,True,True,,alta
lef-1954-40,VALID,VALID,yes,https://www.boe.es/buscar/act.php?id=BOE-A-1954-15431#adieciseis,16,True,True,True,True,True,True,,media
ley-12-2009-43,VALID,VALID,yes,https://www.boe.es/buscar/act.php?id=BOE-A-2009-17242#a7,7 (apdo. 2),True,True,True,True,True,True,,alta
reglamento-armas-60,VALID,VALID,yes,https://www.boe.es/buscar/act.php?id=BOE-A-1993-6202#a20,20 (apdo. 1),True,True,True,True,True,True,ERRATA_EXPLICACION,alta
lecrim-192,VALID,VALID,yes,https://www.boe.es/buscar/act.php?id=BOE-A-1882-6036#a11,11,True,True,True,True,True,True,,alta
lef-1954-38,VALID,REVIEW_REQUIRED,no,https://www.boe.es/buscar/act.php?id=BOE-A-1954-15431#atrece,13,True,True,True,True,False,True,TRIVIAL;TIPO,alta
ley-19-2013-57,VALID,REVIEW_REQUIRED,no,https://www.boe.es/buscar/act.php?id=BOE-A-2013-12887#a31,31 (apdo. 4.a)),True,False,True,True,True,True,CITA_INCOMPLETA,alta
ley-50-1997-49,VALID,VALID,yes,https://www.boe.es/buscar/act.php?id=BOE-A-1997-25336#a7,7 (apdo. 1),True,True,True,True,True,False,DIFICULTAD,alta
rgc-23,VALID,VALID,yes,https://www.boe.es/buscar/act.php?id=BOE-A-2003-23514#a1,1 (apdo. 4),True,True,True,True,True,False,DIFICULTAD;TEMA,alta
ley-33-2003-35,VALID,VALID,yes,https://www.boe.es/buscar/act.php?id=BOE-A-2003-20254#a11,11 (apdo. 1),True,True,True,True,True,False,DIFICULTAD,alta
ley-23-2014-48,VALID,VALID,yes,https://www.boe.es/buscar/act.php?id=BOE-A-2014-12029#a21,21 (apdo. 2),True,True,True,True,True,True,,alta
lo-9-2015-18,VALID,VALID,yes,https://www.boe.es/buscar/act.php?id=BOE-A-2015-8468#a9,9 (apdo. i)),True,True,True,True,True,False,DIFICULTAD,alta
ley-4-2015-38,VALID,VALID,yes,https://www.boe.es/buscar/act.php?id=BOE-A-2015-4606#a22,22,True,True,True,True,True,False,DIFICULTAD,alta
lo-6-1985-71,VALID,VALID,yes,https://www.boe.es/buscar/act.php?id=BOE-A-1985-12666#aseptimo,7 (apdo. 3),True,True,True,True,True,False,DIFICULTAD,alta
lo-4-2000-84,VALID,REVIEW_REQUIRED,no,https://www.boe.es/buscar/act.php?id=BOE-A-2000-544#a62quinquies,62quinquies (apdo. 3),True,False,True,True,True,True,CITA_INCOMPLETA;TEMA,alta
ley-23-2014-40,VALID,VALID,yes,https://www.boe.es/buscar/act.php?id=BOE-A-2014-12029#a12,12,True,True,True,True,True,True,,alta
ley-23-2014-56,VALID,VALID,yes,https://www.boe.es/buscar/act.php?id=BOE-A-2014-12029#a32,32 (apdo. 3.a)),True,True,True,True,True,True,,alta
codigo-penal-626,VALID,REVIEW_REQUIRED,no,https://www.boe.es/buscar/act.php?id=BOE-A-1995-25444#a566,566 (apdo. 2),True,False,True,True,True,True,CITA_INCOMPLETA_ENGAÑOSA,alta
lecrim-219,VALID,VALID,yes,https://www.boe.es/buscar/act.php?id=BOE-A-1882-6036#a507,507 (apdo. 1),True,True,True,True,True,True,,alta
lo-4-2000-103,VALID,VALID,yes,https://www.boe.es/buscar/act.php?id=BOE-A-2000-544#a16,16 (apdo. 2),True,True,True,True,True,True,,alta
ley-12-2009-58,VALID,VALID,yes,https://www.boe.es/buscar/act.php?id=BOE-A-2009-17242#a46,46 (apdo. 1),True,True,True,True,True,True,,alta
ley-3-2023-42,VALID,VALID,yes,https://www.boe.es/buscar/act.php?id=BOE-A-2023-5365#a21,21,True,True,True,True,True,True,,alta
lo-4-2000-72,VALID,VALID,yes,https://www.boe.es/buscar/act.php?id=BOE-A-2000-544#a35,35 (apdo. 6),True,True,True,True,False,True,TIPO,alta
lo-3-2018-43,VALID,VALID,yes,https://www.boe.es/buscar/act.php?id=BOE-A-2018-16673#a4,4 (apdo. 2.b)),True,True,True,True,False,True,TIPO,alta
ley-19-2013-55,VALID,VALID,yes,https://www.boe.es/buscar/act.php?id=BOE-A-2013-12887#a29,29 (apdo. 1.c)),True,True,True,True,True,True,,alta
ley-5-2014-42,VALID,VALID,yes,https://www.boe.es/buscar/act.php?id=BOE-A-2014-3649#a21,21 (apdo. 1.e)),True,True,True,True,True,True,,alta
lo-3-2018-60,VALID,VALID,yes,https://www.boe.es/buscar/act.php?id=BOE-A-2018-16673#a23,23 (apdo. 4),True,True,True,True,True,True,,alta
rd-240-2007-14,VALID,VALID,yes,https://www.boe.es/buscar/act.php?id=BOE-A-2007-4184#a3,3 (apdo. 2),True,True,True,True,True,True,,alta
lecrim-216,VALID,VALID,yes,https://www.boe.es/buscar/act.php?id=BOE-A-1882-6036#a506,506 (apdo. 2),True,True,True,True,True,True,,alta
lo-9-2015-15,VALID,VALID,yes,https://www.boe.es/buscar/act.php?id=BOE-A-2015-8468#a8,8 (apdo. 2),True,True,True,True,True,True,,alta
rdl-8-2015-63,VALID,VALID,yes,https://www.boe.es/buscar/act.php?id=BOE-A-2015-11724#a21,21 (apdo. 2),True,True,True,True,True,True,REDACCION,alta
lo-4-2000-85,VALID,VALID,yes,https://www.boe.es/buscar/act.php?id=BOE-A-2000-544#a62quinquies,62quinquies (apdo. 3),True,True,True,True,True,True,,alta
codigo-penal-661,VALID,VALID,yes,https://www.boe.es/buscar/act.php?id=BOE-A-1995-25444#a329,329 (apdo. 1),True,True,True,True,True,True,,alta
codigo-penal-655,VALID,VALID,yes,https://www.boe.es/buscar/act.php?id=BOE-A-1995-25444#a328,328 (apdo. b)),True,True,True,True,True,True,,alta
ley-5-2014-40,VALID,VALID,yes,https://www.boe.es/buscar/act.php?id=BOE-A-2014-3649#a21,21 (apdo. 1.e)),True,True,True,True,True,True,,alta
l39-168,VALID,VALID,yes,https://www.boe.es/buscar/act.php?id=BOE-A-2015-10565#a28,28 (apdo. 4),True,True,True,True,True,True,,alta
