bloque,question_id,tipo,dificultad,ley,articulo,veredicto_v2,segunda_opinion_modelo,1_respuesta_correcta,2_cita_respalda,3_explicacion_correcta,4_segunda_respuesta_defendible,5_clara,6_tipo_correcto,7_dificultad_razonable,8_fuente_oficial,9_problema_vigencia,10_duplicado_de,veredicto_humano,motivo_humano,revisor,fecha
calibracion50,ley-19-2013-43,literal,1,BOE-A-2013-12887,4,VALID,VALID,,,,,,,,,,,,,,
calibracion50,ley-33-2003-37,literal,1,BOE-A-2003-20254,13 (apdo. 2),VALID,VALID,,,,,,,,,,,,,,
calibracion50,ley-38-2003-57,literal,1,BOE-A-2003-20977,53 (apdo. b)),VALID,VALID,,,,,,,,,,,,,,
calibracion50,ley-9-2017-92,literal,1,BOE-A-2017-12902,30 (apdo. 4),VALID,VALID,,,,,,,,,,,,,,
calibracion50,lo-3-2018-61,literal,1,BOE-A-2018-16673,24,VALID,VALID,,,,,,,,,,,,,,
calibracion50,rdl-8-2015-56,literal,1,BOE-A-2015-11724,17 (apdo. 2),VALID,VALID,,,,,,,,,,,,,,
calibracion50,lo-4-2015-55,literal,1,BOE-A-2015-3442,26,VALID,VALID,,,,,,,,,,,,,,
calibracion50,ley-42-2007-27,literal,1,BOE-A-2007-21490,2 (apdo. f)),VALID,VALID,,,,,,,,,,,,,,
calibracion50,lef-1954-47,literal,1,BOE-A-1954-15431,33 (apdo. 1),VALID,VALID,,,,,,,,,,,,,,
calibracion50,lo-4-2000-82,literal,1,BOE-A-2000-544,10 (apdo. 2),VALID,VALID,,,,,,,,,,,,,,
calibracion50,lef-1954-36,aplicacion,2,BOE-A-1954-15431,8,VALID,REVIEW_REQUIRED,,,,,,,,,,,,,,
calibracion50,lef-1954-41,aplicacion,2,BOE-A-1954-15431,19 (apdo. 1),VALID,VALID,,,,,,,,,,,,,,
calibracion50,codigo-penal-674,aplicacion,2,BOE-A-1995-25444,331,VALID,VALID,,,,,,,,,,,,,,
calibracion50,lef-1954-32,aplicacion,2,BOE-A-1954-15431,4 (apdo. 1),VALID,VALID,,,,,,,,,,,,,,
calibracion50,codigo-penal-650,aplicacion,2,BOE-A-1995-25444,327 (apdo. c)),VALID,VALID,,,,,,,,,,,,,,
calibracion50,lef-1954-40,aplicacion,2,BOE-A-1954-15431,16,VALID,VALID,,,,,,,,,,,,,,
calibracion50,ley-12-2009-43,aplicacion,2,BOE-A-2009-17242,7 (apdo. 2),VALID,VALID,,,,,,,,,,,,,,
calibracion50,reglamento-armas-60,aplicacion,2,BOE-A-1993-6202,20 (apdo. 1),VALID,VALID,,,,,,,,,,,,,,
calibracion50,lecrim-192,aplicacion,2,BOE-A-1882-6036,11,VALID,VALID,,,,,,,,,,,,,,
calibracion50,lef-1954-38,aplicacion,2,BOE-A-1954-15431,13,VALID,REVIEW_REQUIRED,,,,,,,,,,,,,,
calibracion50,ley-19-2013-57,dificil,3,BOE-A-2013-12887,31 (apdo. 4.a)),VALID,REVIEW_REQUIRED,,,,,,,,,,,,,,
calibracion50,ley-50-1997-49,dificil,3,BOE-A-1997-25336,7 (apdo. 1),VALID,REVIEW_REQUIRED,,,,,,,,,,,,,,
calibracion50,rgc-23,dificil,3,BOE-A-2003-23514,1 (apdo. 4),VALID,REVIEW_REQUIRED,,,,,,,,,,,,,,
calibracion50,ley-33-2003-35,dificil,3,BOE-A-2003-20254,11 (apdo. 1),VALID,REVIEW_REQUIRED,,,,,,,,,,,,,,
calibracion50,ley-23-2014-48,dificil,3,BOE-A-2014-12029,21 (apdo. 2),VALID,VALID,,,,,,,,,,,,,,
calibracion50,lo-9-2015-18,dificil,3,BOE-A-2015-8468,9 (apdo. i)),VALID,REVIEW_REQUIRED,,,,,,,,,,,,,,
calibracion50,ley-4-2015-38,dificil,3,BOE-A-2015-4606,22,VALID,REVIEW_REQUIRED,,,,,,,,,,,,,,
calibracion50,lo-6-1985-71,dificil,3,BOE-A-1985-12666,7 (apdo. 3),VALID,REVIEW_REQUIRED,,,,,,,,,,,,,,
calibracion50,lo-4-2000-84,dificil,3,BOE-A-2000-544,62quinquies (apdo. 3),VALID,REVIEW_REQUIRED,,,,,,,,,,,,,,
calibracion50,ley-23-2014-40,dificil,3,BOE-A-2014-12029,12,VALID,REVIEW_REQUIRED,,,,,,,,,,,,,,
calibracion50,ley-23-2014-56,negativa,2,BOE-A-2014-12029,32 (apdo. 3.a)),VALID,VALID,,,,,,,,,,,,,,
calibracion50,codigo-penal-626,negativa,2,BOE-A-1995-25444,566 (apdo. 2),VALID,VALID,,,,,,,,,,,,,,
calibracion50,lecrim-219,negativa,2,BOE-A-1882-6036,507 (apdo. 1),VALID,VALID,,,,,,,,,,,,,,
calibracion50,lo-4-2000-103,negativa,2,BOE-A-2000-544,16 (apdo. 2),VALID,VALID,,,,,,,,,,,,,,
calibracion50,ley-12-2009-58,negativa,2,BOE-A-2009-17242,46 (apdo. 1),VALID,VALID,,,,,,,,,,,,,,
calibracion50,ley-3-2023-42,comparativa,2,BOE-A-2023-5365,21,VALID,VALID,,,,,,,,,,,,,,
calibracion50,lo-4-2000-72,comparativa,2,BOE-A-2000-544,35 (apdo. 6),VALID,REVIEW_REQUIRED,,,,,,,,,,,,,,
calibracion50,lo-3-2018-43,comparativa,2,BOE-A-2018-16673,4 (apdo. 2.b)),VALID,REVIEW_REQUIRED,,,,,,,,,,,,,,
calibracion50,ley-19-2013-55,comparativa,2,BOE-A-2013-12887,29 (apdo. 1.c)),VALID,VALID,,,,,,,,,,,,,,
calibracion50,ley-5-2014-42,comparativa,2,BOE-A-2014-3649,21 (apdo. 1.e)),VALID,VALID,,,,,,,,,,,,,,
calibracion50,lo-3-2018-60,excepcion,2,BOE-A-2018-16673,23 (apdo. 4),VALID,VALID,,,,,,,,,,,,,,
calibracion50,rd-240-2007-14,excepcion,2,BOE-A-2007-4184,3 (apdo. 2),VALID,REVIEW_REQUIRED,,,,,,,,,,,,,,
calibracion50,lecrim-216,excepcion,2,BOE-A-1882-6036,506 (apdo. 2),VALID,VALID,,,,,,,,,,,,,,
calibracion50,lo-9-2015-15,excepcion,2,BOE-A-2015-8468,8 (apdo. 2),VALID,VALID,,,,,,,,,,,,,,
calibracion50,rdl-8-2015-63,excepcion,2,BOE-A-2015-11724,21 (apdo. 2),VALID,VALID,,,,,,,,,,,,,,
calibracion50,lo-4-2000-85,plazos,1,BOE-A-2000-544,62quinquies (apdo. 3),VALID,VALID,,,,,,,,,,,,,,
calibracion50,codigo-penal-661,plazos,1,BOE-A-1995-25444,329 (apdo. 1),VALID,VALID,,,,,,,,,,,,,,
calibracion50,codigo-penal-655,plazos,1,BOE-A-1995-25444,328 (apdo. b)),VALID,VALID,,,,,,,,,,,,,,
calibracion50,ley-5-2014-40,plazos,1,BOE-A-2014-3649,21 (apdo. 1.e)),VALID,VALID,,,,,,,,,,,,,,
calibracion50,l39-168,plazos,1,BOE-A-2015-10565,28 (apdo. 4),VALID,VALID,,,,,,,,,,,,,,
S00018_review,S00018-0.2,caso_practico,3,Guia d'estudi per accedir a la categoria de mosso/a del Cos ,C.5.1,VALID,REVIEW_REQUIRED,,,,,,,,,,,,,,
S00018_review,S00018-8.2,caso_practico,3,Guia d'estudi per accedir a la categoria de mosso/a del Cos ,B.4.2,VALID,REVIEW_REQUIRED,,,,,,,,,,,,,,
S00018_review,S00018-9.0,literal,1,Guia d'estudi per accedir a la categoria de mosso/a del Cos ,B.7.2,REVIEW_REQUIRED,REVIEW_REQUIRED,,,,,,,,,,,,,,
S00018_review,S00018-12.1,caso_practico,3,Guia d'estudi per accedir a la categoria de mosso/a del Cos ,B.2.2,VALID,VALID,,,,,,,,,,,,,,
S00018_review,S00018-15.1,caso_practico,3,Guia d'estudi per accedir a la categoria de mosso/a del Cos ,B.6.2,VALID,VALID,,,,,,,,,,,,,,
S00018_review,S00018-18.2,caso_practico,3,Guia d'estudi per accedir a la categoria de mosso/a del Cos ,C.4.1,VALID,REVIEW_REQUIRED,,,,,,,,,,,,,,
